vendors, category, productName, price
Sensi Seed, Feminise, White Skunk, 14.00
Sensi Seed, Feminise, Purple Bud, 14.00
Sensi Seed, Feminise, Jamaican, 27.50
Sensi Seed, Auto Floraison, Afghani, 27.00
Sensi Seed, Auto Floraison, White Haze, 29.00
Sensi Seed, Auto Floraison, Shiva Skunk, 30.00
Sensi Seed, CBD, E-liquide 50mg, 14.96
Sensi Seed, CBD, E-liquide 200mg, 39.95
Sensi Seed, CBD, Capsules d'huile, 29.95
Sensi Seed, Auto Floraison, Pure Power Plant, 98.00
amsterdamseedcenter, Feminise, White Skunk, 13.00
amsterdamseedcenter, Feminise, Purple Bud, 15.00
amsterdamseedcenter, Feminise, Jamaican, 27.50
amsterdamseedcenter, Auto Floraison, Afghani, 24.00
amsterdamseedcenter, Auto Floraison, White Haze, 30.00
amsterdamseedcenter, Auto Floraison, Shiva Skunk, 30.00
amsterdamseedcenter, CBD, E-liquide 50mg, 14.92
amsterdamseedcenter, CBD, E-liquide 200mg, 39.95
amsterdamseedcenter, CBD, Capsules d'huile, 25.95
amsterdamseedcenter, Auto Floraison, Pure Power Plant, 101.00
JeremSeedBrain, Feminise, White Skunk, 11.00
JeremSeedBrain, Feminise, Purple Bud, 13.00
JeremSeedBrain, Feminise, Jamaican, 23.50
JeremSeedBrain, Auto Floraison, Afghani, 21.00
JeremSeedBrain, Auto Floraison, White Haze, 38.00
JeremSeedBrain, Auto Floraison, Shiva Skunk, 30.20
JeremSeedBrain, CBD, E-liquide 50mg, 19.92
JeremSeedBrain, CBD, E-liquide 200mg, 39.98
JeremSeedBrain, CBD, Capsules d'huile, 23.95
JeremSeedBrain, Auto Floraison, Pure Power Plant, 80.00
