amsterdamseedcenter,Feminise,White Skunk,13.00,1
amsterdamseedcenter,Feminise,Purple Bud,15.00,1
amsterdamseedcenter,Feminise,Jamaican,27.50,1
amsterdamseedcenter,Auto Floraison,Afghani,24.00,2
amsterdamseedcenter,Auto Floraison,White Haze,30.00,2
amsterdamseedcenter,Auto Floraison,Shiva Skunk,30.00,2
amsterdamseedcenter,CBD,E-liquide 50mg,14.92,3
amsterdamseedcenter,CBD,E-liquide 200mg,39.95,3
amsterdamseedcenter,CBD,Capsules d'huile,25.95,3
amsterdamseedcenter,Auto Floraison,Pure Power Plant,101.00,2
